Unit,headcode,origin_loc,origin_dep_dt
158759,1B09,BLCKPLN,30/03/2016 06:11
158901,1B10,YORK,30/03/2016 06:20
158755,1B11,BLCKPLN,30/03/2016 07:11
158752,1B12,YORK,30/03/2016 07:18
158906,1B13,BLCKPLN,30/03/2016 08:11
158815,1B14,YORK,30/03/2016 08:27
158904,1B15,BLCKPLN,30/03/2016 09:11
158759,1B16,YORK,30/03/2016 09:18
158901,1B17,BLCKPLN,30/03/2016 10:11
158755,1B18,YORK,30/03/2016 10:27
158752,1B19,BLCKPLN,30/03/2016 11:11
158906,1B20,YORK,30/03/2016 11:18
158815,1B21,BLCKPLN,30/03/2016 12:11
156459,1C51,MNCROXR,30/03/2016 08:31
156461,1C51,MNCROXR,30/03/2016 08:31
156459,1C51,PRST,30/03/2016 09:27
156461,1C52,LANCSTR,30/03/2016 12:01
319368,1F05,PRST,30/03/2016 07:30
319377,1F06,PRST,30/03/2016 08:30
319386,1F07,PRST,30/03/2016 09:30
319368,1F08,PRST,30/03/2016 10:30
319377,1F09,PRST,30/03/2016 11:30
319382,1F92,MNCRIAP,30/03/2016 07:35
319369,1F93,MNCRIAP,30/03/2016 08:40
319361,1F94,MNCRIAP,30/03/2016 09:40
319382,1F95,MNCRIAP,30/03/2016 10:40
319369,1F96,MNCRIAP,30/03/2016 11:40
319369,1H43,LVRPLSH,30/03/2016 07:16
319361,1H44,LVRPLSH,30/03/2016 08:16
319382,1H45,LVRPLSH,30/03/2016 09:16
319369,1H46,LVRPLSH,30/03/2016 10:16
319363,1H47,LVRPLSH,30/03/2016 11:16
319382,1H48,LVRPLSH,30/03/2016 12:16
158794,1J22,BRDLNGT,30/03/2016 07:12
158860,1J23,BRDLNGT,30/03/2016 08:08
158909,1J24,BRDLNGT,30/03/2016 09:05
158844,1J25,BRDLNGT,30/03/2016 10:11
158816,1J26,BRDLNGT,30/03/2016 11:11
158851,1J27,SCARBRO,30/03/2016 11:28
158903,1L74,RTFD,30/03/2016 07:01
158791,1L75,LEEDS,30/03/2016 07:40
158791,1L76,SHEFFLD,30/03/2016 08:50
158861,1L77,LEEDS,30/03/2016 08:40
158861,1L78,SHEFFLD,30/03/2016 09:50
158850,1L79,LEEDS,30/03/2016 09:40
158850,1L80,SHEFFLD,30/03/2016 10:50
158842,1L81,LEEDS,30/03/2016 10:40
158842,1L82,SHEFFLD,30/03/2016 11:50
158902,1L83,LEEDS,30/03/2016 11:40
158784,1M53,LEEDS,30/03/2016 09:47
156459,1N31,BAROW,30/03/2016 11:13
156426,1N56,MNCRIAP,30/03/2016 08:25
156440,1N56,MNCRIAP,30/03/2016 08:25
156425,1N59,MNCRIAP,30/03/2016 10:29
156482,1N59,MNCRIAP,30/03/2016 10:29
319386,1N81,LVRPLSH,30/03/2016 08:28
319368,1N82,LVRPLSH,30/03/2016 09:28
319377,1N83,LVRPLSH,30/03/2016 10:28
319386,1N84,ALERTN,30/03/2016 11:03
319368,1N85,ALERTN,30/03/2016 12:03
142003,1U01,SOUTHPT,30/03/2016 07:19
142060,1U01,SOUTHPT,30/03/2016 07:19
150112,1U01,SOUTHPT,30/03/2016 07:19
156459,1U54,BLCKPLN,30/03/2016 07:17
156461,1U54,BLCKPLN,30/03/2016 07:17
156425,1U57,BLCKPLN,30/03/2016 08:40
156482,1U57,BLCKPLN,30/03/2016 08:40
156426,1U61,BLCKPLN,30/03/2016 10:40
156440,1U61,BLCKPLN,30/03/2016 10:40
158816,1W28,SHEFFLD,30/03/2016 08:41
158794,1W32,SHEFFLD,30/03/2016 09:41
158860,1W34,SHEFFLD,30/03/2016 10:41
158909,1W36,SHEFFLD,30/03/2016 11:41
158850,1Y08,NTNG,30/03/2016 07:12
158902,1Y09,LEEDS,30/03/2016 07:05
158845,1Y12,NTNG,30/03/2016 08:18
158792,1Y13,LEEDS,30/03/2016 08:05
158902,1Y16,NTNG,30/03/2016 09:17
158903,1Y17,LEEDS,30/03/2016 09:05
158792,1Y20,NTNG,30/03/2016 10:17
158791,1Y21,LEEDS,30/03/2016 10:05
158903,1Y24,NTNG,30/03/2016 11:17
158861,1Y25,LEEDS,30/03/2016 11:05
158791,1Y28,NTNG,30/03/2016 12:17
158850,1Y29,LEEDS,30/03/2016 12:05
142086,2A02,NWCSTLE,30/03/2016 08:02
142086,2A03,MRPTHRP,30/03/2016 08:49
142038,2A04,SOUTHPT,30/03/2016 08:23
150274,2A04,SOUTHPT,30/03/2016 08:23
156480,2A04,NWCSTLE,30/03/2016 09:15
150211,2A06,SOUTHPT,30/03/2016 09:24
156424,2A06,SOUTHPT,30/03/2016 09:24
142086,2A06,GTSHDMC,30/03/2016 10:02
142086,2A07,MRPTHRP,30/03/2016 10:49
150138,2A08,SOUTHPT,30/03/2016 10:23
156428,2A08,SOUTHPT,30/03/2016 10:23
156443,2A09,MRPTHRP,30/03/2016 11:49
142003,2A10,SOUTHPT,30/03/2016 11:23
142060,2A10,SOUTHPT,30/03/2016 11:23
150112,2A10,SOUTHPT,30/03/2016 11:23
156443,2A12,GTSHDMC,30/03/2016 11:02
150140,2A12,SOUTHPT,30/03/2016 12:23
156483,2A12,SOUTHPT,30/03/2016 12:23
142086,2A14,GTSHDMC,30/03/2016 12:03
156475,2A52,SBRN,30/03/2016 06:24
142090,2A54,SBRN,30/03/2016 07:25
319371,2A63,MNCRIAP,30/03/2016 08:46
319371,2A64,MNCRIAP,30/03/2016 09:46
319371,2A65,MNCRIAP,30/03/2016 10:46
319371,2A66,MNCRIAP,30/03/2016 11:46
319371,2A73,MNCRPIC,30/03/2016 08:14
319371,2A74,MNCRPIC,30/03/2016 09:14
319371,2A75,MNCRPIC,30/03/2016 10:14
319371,2A76,MNCRPIC,30/03/2016 11:14
319371,2A77,MNCRPIC,30/03/2016 12:14
323232,2A82,ALDEDGE,30/03/2016 07:53
323226,2A83,CREWE,30/03/2016 08:31
323223,2A84,CREWE,30/03/2016 09:34
323237,2A85,CREWE,30/03/2016 10:34
323229,2A86,CREWE,30/03/2016 11:34
323229,2A92,MNCRPIC,30/03/2016 07:46
323232,2A93,MNCRPIC,30/03/2016 08:46
323226,2A94,MNCRPIC,30/03/2016 09:46
323223,2A95,MNCRPIC,30/03/2016 10:46
323237,2A96,MNCRPIC,30/03/2016 11:46
322481,2B07,LEEDS,30/03/2016 08:21
321902,2B08,DONC,30/03/2016 08:26
321902,2B09,LEEDS,30/03/2016 09:21
322481,2B10,DONC,30/03/2016 09:26
322481,2B11,LEEDS,30/03/2016 10:21
321902,2B12,DONC,30/03/2016 10:26
321902,2B13,LEEDS,30/03/2016 11:21
322481,2B14,DONC,30/03/2016 11:26
322481,2B15,LEEDS,30/03/2016 12:21
144016,2B33,HDRSFLD,30/03/2016 07:10
144017,2B35,HDRSFLD,30/03/2016 08:08
144021,2B36,SHEFFLD,30/03/2016 07:36
144021,2B37,HDRSFLD,30/03/2016 09:13
144016,2B38,SHEFFLD,30/03/2016 08:36
144016,2B39,HDRSFLD,30/03/2016 10:13
144017,2B40,SHEFFLD,30/03/2016 09:36
144017,2B41,HDRSFLD,30/03/2016 11:13
144021,2B42,SHEFFLD,30/03/2016 10:36
144021,2B43,HDRSFLD,30/03/2016 12:13
144016,2B44,SHEFFLD,30/03/2016 11:36
150203,2C08,LEEDS,30/03/2016 07:14
144001,2C09,KNRSBGH,30/03/2016 07:42
150275,2C09,KNRSBGH,30/03/2016 07:42
158816,2C11,HULL,30/03/2016 06:41
150144,2C11,HAGT,30/03/2016 08:15
150224,2C11,HAGT,30/03/2016 08:15
153330,2C12,LEEDS,30/03/2016 08:01
155345,2C12,LEEDS,30/03/2016 08:01
158784,2C13,YORK,30/03/2016 07:54
150137,2C14,LEEDS,30/03/2016 08:30
150143,2C14,LEEDS,30/03/2016 08:30
158843,2C15,BRDLNGT,30/03/2016 06:44
150203,2C15,YORK,30/03/2016 08:47
153358,2C16,LEEDS,30/03/2016 08:59
155346,2C16,LEEDS,30/03/2016 08:59
142093,2C17,YORK,30/03/2016 09:11
158843,2C18,DONC,30/03/2016 08:55
144001,2C18,LEEDS,30/03/2016 09:29
150275,2C18,LEEDS,30/03/2016 09:29
153358,2C19,KNRSBGH,30/03/2016 10:06
155346,2C19,KNRSBGH,30/03/2016 10:06
158797,2C20,DONC,30/03/2016 09:52
153330,2C20,LEEDS,30/03/2016 09:59
155345,2C20,LEEDS,30/03/2016 09:59
150137,2C21,YORK,30/03/2016 10:11
150143,2C21,YORK,30/03/2016 10:11
150144,2C22,LEEDS,30/03/2016 10:29
150224,2C22,LEEDS,30/03/2016 10:29
142065,2C22,DONC,30/03/2016 10:52
158797,2C23,SCARBRO,30/03/2016 06:50
153330,2C23,KNRSBGH,30/03/2016 11:06
155345,2C23,KNRSBGH,30/03/2016 11:06
153358,2C24,LEEDS,30/03/2016 10:59
155346,2C24,LEEDS,30/03/2016 10:59
158843,2C24,DONC,30/03/2016 11:52
144001,2C25,YORK,30/03/2016 11:11
150275,2C25,YORK,30/03/2016 11:11
150137,2C26,LEEDS,30/03/2016 11:29
150143,2C26,LEEDS,30/03/2016 11:29
153358,2C27,KNRSBGH,30/03/2016 12:06
155346,2C27,KNRSBGH,30/03/2016 12:06
153330,2C28,LEEDS,30/03/2016 11:59
155345,2C28,LEEDS,30/03/2016 11:59
142065,2C29,BEVERLY,30/03/2016 09:00
150144,2C29,YORK,30/03/2016 12:11
150224,2C29,YORK,30/03/2016 12:11
37402,2C32,CARLILE,30/03/2016 05:15
KM03,2C32,CARLILE,30/03/2016 05:15
153316,2C33,LANCSTR,30/03/2016 11:23
153352,2C33,LANCSTR,30/03/2016 11:23
153304,2C34,MPRT,30/03/2016 06:46
153360,2C34,MPRT,30/03/2016 06:46
156469,2C35,BAROW,30/03/2016 06:51
158843,2C35,HULL,30/03/2016 10:18
156490,2C36,CARLILE,30/03/2016 07:37
142091,2C37,BAROW,30/03/2016 08:05
142091,2C38,SELAFLD,30/03/2016 09:06
156490,2C39,WHITHVN,30/03/2016 09:04
153304,2C41,BAROW,30/03/2016 09:20
153360,2C41,BAROW,30/03/2016 09:20
156469,2C42,CARLILE,30/03/2016 09:38
153316,2C43,MORCAME,30/03/2016 08:23
153352,2C43,MORCAME,30/03/2016 08:23
153316,2C43,MORCAME,30/03/2016 08:23
153352,2C43,MORCAME,30/03/2016 08:23
158797,2C43,HULL,30/03/2016 11:23
156490,2C44,CARLILE,30/03/2016 10:54
142091,2C45,BAROW,30/03/2016 10:10
153304,2C46,CARLILE,30/03/2016 12:08
37402,2C47,PRST,30/03/2016 10:04
KM03,2C47,PRST,30/03/2016 10:04
142065,2C49,HULL,30/03/2016 12:19
153316,2C52,BAROW,30/03/2016 10:09
153352,2C52,BAROW,30/03/2016 10:09
153330,2C57,KNRSBGH,30/03/2016 08:55
155345,2C57,KNRSBGH,30/03/2016 08:55
153358,2C67,KNRSBGH,30/03/2016 07:57
155346,2C67,KNRSBGH,30/03/2016 07:57
156454,2C70,MORCAME,30/03/2016 09:33
156454,2C71,LANCSTR,30/03/2016 09:51
156454,2C72,MORCAME,30/03/2016 10:08
156454,2C73,LANCSTR,30/03/2016 11:29
142093,2C74,LEEDS,30/03/2016 07:43
156454,2C74,MORCAME,30/03/2016 11:45
156454,2C75,LANCSTR,30/03/2016 12:04
156454,2C77,LANCSTR,30/03/2016 08:35
156454,2C78,MORCAME,30/03/2016 08:52
156454,2C79,LANCSTR,30/03/2016 09:15
142024,2D03,DLTN,30/03/2016 06:48
142064,2D05,SBRN,30/03/2016 07:54
156448,2D06,MDLSBRO,30/03/2016 07:04
142024,2D09,NUNTHRP,30/03/2016 08:29
142018,2D10,DLTN,30/03/2016 07:25
142089,2D11,SBRN,30/03/2016 09:30
142024,2D12,BSAUKLD,30/03/2016 07:17
142020,2D13,SBRN,30/03/2016 09:57
142089,2D14,DLTN,30/03/2016 08:31
142024,2D15,SBRN,30/03/2016 10:30
142020,2D16,BSAUKLD,30/03/2016 08:21
156448,2D17,WTBY,30/03/2016 08:48
142024,2D18,DLTN,30/03/2016 09:31
142064,2D19,SBRN,30/03/2016 10:57
142064,2D20,BSAUKLD,30/03/2016 09:26
142018,2D21,SBRN,30/03/2016 11:30
156448,2D22,MDLSBRO,30/03/2016 10:28
142089,2D23,SBRN,30/03/2016 11:57
142018,2D24,DLTN,30/03/2016 10:32
142089,2D26,DLTN,30/03/2016 10:53
142024,2D28,DLTN,30/03/2016 11:31
142020,2D30,BSAUKLD,30/03/2016 11:25
333006,2D36,BRADFS,30/03/2016 08:16
321901,2D37,ILKLEY,30/03/2016 08:24
333010,2D38,BRADFS,30/03/2016 08:46
333006,2D39,ILKLEY,30/03/2016 08:52
333015,2D40,BRADFS,30/03/2016 09:16
142005,2D40,MNCRPIC,30/03/2016 11:18
333010,2D41,ILKLEY,30/03/2016 09:21
142005,2D42,MNCRPIC,30/03/2016 07:17
142017,2D42,MNCRPIC,30/03/2016 07:17
333004,2D42,BRADFS,30/03/2016 09:46
142036,2D42,MNCRPIC,30/03/2016 12:17
333015,2D43,ILKLEY,30/03/2016 09:51
142036,2D44,MNCRPIC,30/03/2016 08:17
333008,2D44,BRADFS,30/03/2016 10:16
333004,2D45,ILKLEY,30/03/2016 10:21
150145,2D46,MNCRPIC,30/03/2016 09:17
333016,2D46,BRADFS,30/03/2016 10:46
333008,2D47,ILKLEY,30/03/2016 10:51
142014,2D48,MNCRPIC,30/03/2016 10:17
333007,2D48,BRADFS,30/03/2016 11:16
333016,2D49,ILKLEY,30/03/2016 11:21
333002,2D50,BRADFS,30/03/2016 11:46
333007,2D51,ILKLEY,30/03/2016 11:51
333014,2D52,BRADFS,30/03/2016 12:16
333002,2D53,ILKLEY,30/03/2016 12:21
156448,2D65,WTBY,30/03/2016 12:18
142018,2D98,SBRN,30/03/2016 08:30
155342,2E01,RCHDALE,30/03/2016 08:01
150226,2E03,RCHDALE,30/03/2016 09:01
158753,2E05,RCHDALE,30/03/2016 10:01
142087,2E07,RCHDALE,30/03/2016 11:01
153332,2E07,RCHDALE,30/03/2016 11:01
142087,2E07,RCHDALE,30/03/2016 11:01
153332,2E07,RCHDALE,30/03/2016 11:01
158758,2E09,RCHDALE,30/03/2016 12:01
158756,2E37,RCHDALE,30/03/2016 07:26
153378,2E39,RCHDALE,30/03/2016 08:30
155343,2E39,RCHDALE,30/03/2016 08:30
153378,2E39,RCHDALE,30/03/2016 08:30
155343,2E39,RCHDALE,30/03/2016 08:30
158757,2E41,RCHDALE,30/03/2016 09:30
158756,2E43,RCHDALE,30/03/2016 10:30
153378,2E45,RCHDALE,30/03/2016 11:31
155343,2E45,RCHDALE,30/03/2016 11:31
153378,2E45,RCHDALE,30/03/2016 11:31
155343,2E45,RCHDALE,30/03/2016 11:31
153378,2E45,RCHDALE,30/03/2016 11:31
155343,2E45,RCHDALE,30/03/2016 11:31
150223,2E72,ASHONUL,30/03/2016 08:07
150133,2E74,ASHONUL,30/03/2016 09:07
150223,2E76,ASHONUL,30/03/2016 10:07
150133,2E78,ASHONUL,30/03/2016 11:07
150223,2E80,ASHONUL,30/03/2016 12:07
142011,2F04,PRST,30/03/2016 08:43
142011,2F06,PRST,30/03/2016 10:08
150270,2F07,LEEDS,30/03/2016 08:00
144014,2F08,KNTNGLY,30/03/2016 08:15
142011,2F08,PRST,30/03/2016 11:15
144014,2F09,LEEDS,30/03/2016 09:00
142023,2F10,KNTNGLY,30/03/2016 09:15
142023,2F11,LEEDS,30/03/2016 10:00
142009,2F11,MNCROXR,30/03/2016 11:14
142013,2F11,MNCROXR,30/03/2016 11:14
150270,2F12,KNTNGLY,30/03/2016 10:13
150270,2F13,LEEDS,30/03/2016 11:00
142046,2F13,MNCROXR,30/03/2016 12:14
142048,2F13,MNCROXR,30/03/2016 12:14
144014,2F14,KNTNGLY,30/03/2016 11:15
150119,2F15,MNCROXR,30/03/2016 08:10
150142,2F15,MNCROXR,30/03/2016 08:10
144014,2F15,LEEDS,30/03/2016 12:00
142023,2F16,KNTNGLY,30/03/2016 12:13
142032,2F17,MNCROXR,30/03/2016 09:14
156421,2F17,MNCROXR,30/03/2016 09:14
142030,2F19,MNCROXR,30/03/2016 10:14
142047,2F19,MNCROXR,30/03/2016 10:14
319363,2F21,NWTNLW,30/03/2016 10:23
319379,2F23,WRGTNBQ,30/03/2016 11:51
319379,2F24,LVRPLSH,30/03/2016 08:48
319362,2F25,NWTNLW,30/03/2016 11:23
319383,2F26,LVRPLSH,30/03/2016 09:47
319379,2F28,LVRPLSH,30/03/2016 10:47
319379,2F29,MNCROXR,30/03/2016 07:27
319361,2F29,NWTNLW,30/03/2016 12:23
319383,2F30,LVRPLSH,30/03/2016 11:47
319363,2F31,ERLSTWN,30/03/2016 08:27
319383,2F33,MNCROXR,30/03/2016 08:23
319379,2F35,WRGTNBQ,30/03/2016 09:51
319362,2F37,NWTNLW,30/03/2016 09:23
319383,2F39,WRGTNBQ,30/03/2016 10:51
319380,2F50,LVRPLSH,30/03/2016 10:32
319378,2F52,LVRPLSH,30/03/2016 11:00
319380,2F53,WIGANNW,30/03/2016 09:31
319364,2F54,LVRPLSH,30/03/2016 11:32
319378,2F55,WIGANNW,30/03/2016 10:03
319367,2F56,LVRPLSH,30/03/2016 12:00
319364,2F58,LVRPLSH,30/03/2016 07:32
319380,2F59,WIGANNW,30/03/2016 07:31
319364,2F59,WIGANNW,30/03/2016 10:31
319367,2F60,LVRPLSH,30/03/2016 08:00
319367,2F61,WIGANNW,30/03/2016 11:03
319380,2F62,LVRPLSH,30/03/2016 08:32
319378,2F63,WIGANNW,30/03/2016 07:58
142023,2F63,WKFLDKG,30/03/2016 08:31
150270,2F64,KNTNGLY,30/03/2016 08:53
319378,2F64,LVRPLSH,30/03/2016 09:00
319364,2F65,WIGANNW,30/03/2016 08:31
150270,2F65,WKFLDKG,30/03/2016 09:31
319380,2F65,WIGANNW,30/03/2016 11:31
319364,2F66,LVRPLSH,30/03/2016 09:32
144014,2F66,KNTNGLY,30/03/2016 09:53
144014,2F67,WKFLDKG,30/03/2016 10:31
319378,2F67,WIGANNW,30/03/2016 12:03
319367,2F68,LVRPLSH,30/03/2016 10:00
142023,2F68,KNTNGLY,30/03/2016 10:53
319367,2F69,WIGANNW,30/03/2016 09:03
142023,2F69,WKFLDKG,30/03/2016 11:31
150270,2F70,KNTNGLY,30/03/2016 11:53
150140,2F71,MNCROXR,30/03/2016 09:47
156483,2F71,MNCROXR,30/03/2016 09:47
150119,2F73,MNCROXR,30/03/2016 10:46
150142,2F73,MNCROXR,30/03/2016 10:46
142032,2F75,MNCROXR,30/03/2016 11:46
156421,2F75,MNCROXR,30/03/2016 11:46
150211,2F77,MNCROXR,30/03/2016 07:50
156424,2F77,MNCROXR,30/03/2016 07:50
150138,2F79,MNCROXR,30/03/2016 08:56
156428,2F79,MNCROXR,30/03/2016 08:56
142003,2F81,MNCRIAP,30/03/2016 09:03
142060,2F81,MNCRIAP,30/03/2016 09:03
150112,2F81,MNCRIAP,30/03/2016 09:03
150133,2F81,HDRSFLD,30/03/2016 10:15
150211,2F83,MNCRIAP,30/03/2016 11:03
156424,2F83,MNCRIAP,30/03/2016 11:03
150133,2F83,HDRSFLD,30/03/2016 12:15
153359,2F84,BRTHMBR,30/03/2016 07:56
150204,2F85,MNCRIAP,30/03/2016 08:02
156464,2F85,MNCRIAP,30/03/2016 08:02
153359,2F85,CLTHRPS,30/03/2016 08:55
150223,2F85,HDRSFLD,30/03/2016 09:16
153359,2F86,BRTHMBR,30/03/2016 09:50
142038,2F87,MNCRIAP,30/03/2016 10:03
150274,2F87,MNCRIAP,30/03/2016 10:03
153359,2F87,CLTHRPS,30/03/2016 10:55
150223,2F87,HDRSFLD,30/03/2016 11:15
153359,2F88,BRTHMBR,30/03/2016 11:50
150133,2F89,HDRSFLD,30/03/2016 08:15
150138,2F89,MNCRIAP,30/03/2016 12:03
156428,2F89,MNCRIAP,30/03/2016 12:03
156463,2F91,MNCROXR,30/03/2016 09:44
156420,2F91,MNCROXR,30/03/2016 12:16
142040,2F93,MNCROXR,30/03/2016 07:39
156472,2F93,MNCROXR,30/03/2016 07:39
156486,2F93,MNCROXR,30/03/2016 10:16
142009,2F95,MNCROXR,30/03/2016 08:15
142013,2F95,MNCROXR,30/03/2016 08:15
142040,2F95,MNCROXR,30/03/2016 10:44
156472,2F95,MNCROXR,30/03/2016 10:44
150141,2F97,MNCROXR,30/03/2016 08:44
156427,2F97,MNCROXR,30/03/2016 08:44
150204,2F97,MNCROXR,30/03/2016 11:16
156464,2F97,MNCROXR,30/03/2016 11:16
156420,2F99,MNCROXR,30/03/2016 09:16
150141,2F99,MNCROXR,30/03/2016 11:44
156427,2F99,MNCROXR,30/03/2016 11:44
150103,2H00,BLCKPLN,30/03/2016 09:56
156455,2H00,BLCKPLN,30/03/2016 09:56
156468,2H01,BUXTON,30/03/2016 08:27
150134,2H02,BLCKPLN,30/03/2016 10:56
150228,2H02,BLCKPLN,30/03/2016 10:56
156491,2H03,BUXTON,30/03/2016 09:27
142058,2H04,BLCKPLN,30/03/2016 06:48
150117,2H04,BLCKPLN,30/03/2016 06:48
150135,2H04,BLCKPLN,30/03/2016 06:48
150117,2H04,BLCKPLN,30/03/2016 11:56
150135,2H04,BLCKPLN,30/03/2016 11:56
150148,2H05,BUXTON,30/03/2016 10:29
150201,2H06,BLCKPLN,30/03/2016 07:49
150214,2H06,BLCKPLN,30/03/2016 07:49
150220,2H06,BLCKPLN,30/03/2016 07:49
150201,2H06,BLCKPLN,30/03/2016 07:49
150214,2H06,BLCKPLN,30/03/2016 07:49
150148,2H07,BUXTON,30/03/2016 07:24
156466,2H07,BUXTON,30/03/2016 07:24
150136,2H07,BUXTON,30/03/2016 11:29
150225,2H07,BUXTON,30/03/2016 11:29
150273,2H08,LEEDS,30/03/2016 08:18
150222,2H08,BLCKPLN,30/03/2016 08:54
150271,2H08,BLCKPLN,30/03/2016 08:54
150136,2H09,BUXTON,30/03/2016 07:48
150225,2H09,BUXTON,30/03/2016 07:48
153324,2H10,LEEDS,30/03/2016 08:49
158905,2H10,LEEDS,30/03/2016 08:49
323239,2H11,STOKEOT,30/03/2016 07:59
323227,2H13,STOKEOT,30/03/2016 08:59
323228,2H15,STOKEOT,30/03/2016 09:59
323231,2H17,STOKEOT,30/03/2016 10:59
323228,2H19,MACLSFD,30/03/2016 08:06
323227,2H19,STOKEOT,30/03/2016 11:59
333003,2H20,LEEDS,30/03/2016 07:49
333001,2H21,SKPT,30/03/2016 07:45
323237,2H21,CREWE,30/03/2016 07:56
323230,2H21,ALDEDGE,30/03/2016 10:50
333011,2H22,LEEDS,30/03/2016 08:25
333007,2H23,SKPT,30/03/2016 08:13
323230,2H23,ALDEDGE,30/03/2016 08:49
323226,2H23,CREWE,30/03/2016 10:50
333005,2H24,LEEDS,30/03/2016 08:56
333003,2H25,SKPT,30/03/2016 08:37
323229,2H25,CREWE,30/03/2016 08:50
323236,2H25,ALDEDGE,30/03/2016 11:50
333012,2H26,LEEDS,30/03/2016 09:26
333011,2H27,SKPT,30/03/2016 09:17
323236,2H27,ALDEDGE,30/03/2016 09:49
323223,2H27,CREWE,30/03/2016 11:50
333001,2H28,LEEDS,30/03/2016 09:56
142037,2H29,CREWE,30/03/2016 07:22
142055,2H29,CREWE,30/03/2016 07:22
333005,2H29,SKPT,30/03/2016 09:47
323232,2H29,CREWE,30/03/2016 09:50
333011,2H30,LEEDS,30/03/2016 10:26
333012,2H31,SKPT,30/03/2016 10:17
150145,2H31,CHST,30/03/2016 10:59
333003,2H32,LEEDS,30/03/2016 10:56
150145,2H33,CHST,30/03/2016 06:58
333001,2H33,SKPT,30/03/2016 10:47
142014,2H33,CHST,30/03/2016 11:59
142049,2H34,CHST,30/03/2016 07:35
333006,2H34,LEEDS,30/03/2016 11:26
142014,2H35,CHST,30/03/2016 08:04
333011,2H35,SKPT,30/03/2016 11:17
333010,2H36,LEEDS,30/03/2016 11:56
142005,2H37,CHST,30/03/2016 08:59
333003,2H37,SKPT,30/03/2016 11:47
142036,2H39,CHST,30/03/2016 09:59
333006,2H39,SKPT,30/03/2016 12:17
156463,2H40,LVRPLSH,30/03/2016 08:26
156420,2H40,LVRPLSH,30/03/2016 10:55
156486,2H42,LVRPLSH,30/03/2016 08:55
156463,2H42,LVRPLSH,30/03/2016 11:27
142040,2H44,LVRPLSH,30/03/2016 09:27
156472,2H44,LVRPLSH,30/03/2016 09:27
156486,2H44,LVRPLSH,30/03/2016 11:55
150141,2H46,LVRPLSH,30/03/2016 07:25
156427,2H46,LVRPLSH,30/03/2016 07:25
142009,2H46,LVRPLSH,30/03/2016 09:55
142013,2H46,LVRPLSH,30/03/2016 09:55
156420,2H48,LVRPLSH,30/03/2016 07:45
150141,2H48,LVRPLSH,30/03/2016 10:27
156427,2H48,LVRPLSH,30/03/2016 10:27
150272,2H50,MNCRPIC,30/03/2016 09:05
142027,2H50,MNCRPIC,30/03/2016 11:34
142042,2H51,ROHL,30/03/2016 08:53
142052,2H51,ROHL,30/03/2016 08:53
150272,2H51,ROHL,30/03/2016 11:23
142001,2H52,MNCRPIC,30/03/2016 09:34
142041,2H52,MNCRPIC,30/03/2016 09:34
150272,2H52,MNCRPIC,30/03/2016 12:05
142027,2H53,ROHL,30/03/2016 09:24
142039,2H53,ROHL,30/03/2016 11:53
142056,2H53,ROHL,30/03/2016 11:53
150272,2H54,MNCRPIC,30/03/2016 08:07
142027,2H54,MNCRPIC,30/03/2016 10:05
150272,2H55,ROHL,30/03/2016 09:53
142027,2H55,ROHL,30/03/2016 12:23
142042,2H56,MNCRPIC,30/03/2016 08:17
142052,2H56,MNCRPIC,30/03/2016 08:17
150272,2H56,MNCRPIC,30/03/2016 10:34
142027,2H57,ROHL,30/03/2016 08:18
142001,2H57,ROHL,30/03/2016 10:23
142041,2H57,ROHL,30/03/2016 10:23
142027,2H58,MNCRPIC,30/03/2016 08:52
142039,2H58,MNCRPIC,30/03/2016 11:05
142056,2H58,MNCRPIC,30/03/2016 11:05
142027,2H59,ROHL,30/03/2016 10:53
142039,2H63,MARPLE,30/03/2016 07:59
142056,2H63,MARPLE,30/03/2016 07:59
142001,2H64,MNCRPIC,30/03/2016 08:14
142041,2H64,MNCRPIC,30/03/2016 08:14
142001,2H65,MARPLE,30/03/2016 08:47
142041,2H65,MARPLE,30/03/2016 08:47
142033,2H68,MNCRPIC,30/03/2016 09:08
142043,2H68,MNCRPIC,30/03/2016 09:08
142033,2H69,MARPLE,30/03/2016 09:38
142043,2H69,MARPLE,30/03/2016 09:38
323225,2H70,MNCRPIC,30/03/2016 08:45
323224,2H70,MNCRPIC,30/03/2016 11:18
323225,2H71,HADFILD,30/03/2016 10:59
323235,2H72,MNCRPIC,30/03/2016 09:18
323225,2H72,MNCRPIC,30/03/2016 11:46
323235,2H73,HADFILD,30/03/2016 11:29
323224,2H74,MNCRPIC,30/03/2016 09:46
323235,2H74,MNCRPIC,30/03/2016 12:18
323225,2H75,HADFILD,30/03/2016 09:29
323224,2H75,HADFILD,30/03/2016 11:59
323225,2H76,MNCRPIC,30/03/2016 10:18
323235,2H77,HADFILD,30/03/2016 09:59
323235,2H78,MNCRPIC,30/03/2016 10:46
323224,2H79,HADFILD,30/03/2016 10:29
153324,2H81,APBY,30/03/2016 06:32
158905,2H81,APBY,30/03/2016 06:32
323231,2H81,MNCRPIC,30/03/2016 08:29
323231,2H83,MNCRPIC,30/03/2016 07:01
150203,2H84,LEEDS,30/03/2016 10:17
323225,2H85,MNCRPIC,30/03/2016 07:18
158907,2H85,APBY,30/03/2016 09:35
158793,2H86,LEEDS,30/03/2016 10:49
158848,2H86,LEEDS,30/03/2016 10:49
323235,2H87,MNCRPIC,30/03/2016 07:46
323224,2H89,MNCRPIC,30/03/2016 08:04
150148,2H90,MNCRPIC,30/03/2016 11:49
156491,2H92,MNCRPIC,30/03/2016 07:49
150148,2H94,MNCRPIC,30/03/2016 08:49
156466,2H94,MNCRPIC,30/03/2016 08:49
150136,2H96,MNCRPIC,30/03/2016 09:49
150225,2H96,MNCRPIC,30/03/2016 09:49
156491,2H98,MNCRPIC,30/03/2016 10:49
144022,2J07,LEEDS,30/03/2016 07:56
144022,2J10,HDRSFLD,30/03/2016 08:59
158842,2J11,LEEDS,30/03/2016 08:57
158842,2J14,HDRSFLD,30/03/2016 09:59
144022,2J15,LEEDS,30/03/2016 09:56
142007,2J18,HDRSFLD,30/03/2016 10:59
144022,2J18,HDRSFLD,30/03/2016 10:59
142063,2J19,LEEDS,30/03/2016 10:56
142063,2J22,HDRSFLD,30/03/2016 11:59
144022,2J23,LEEDS,30/03/2016 11:56
319362,2J26,LVRPLSH,30/03/2016 08:20
319363,2J28,LVRPLSH,30/03/2016 09:20
319362,2J30,LVRPLSH,30/03/2016 10:21
319361,2J32,LVRPLSH,30/03/2016 11:20
319362,2J34,LVRPLSH,30/03/2016 12:20
150210,2J50,CLITHRO,30/03/2016 08:25
156441,2J50,CLITHRO,30/03/2016 08:25
150205,2J54,CLITHRO,30/03/2016 09:46
150276,2J54,CLITHRO,30/03/2016 09:46
150215,2J56,CLITHRO,30/03/2016 07:45
156489,2J56,CLITHRO,30/03/2016 07:45
150215,2J56,CLITHRO,30/03/2016 10:46
156489,2J56,CLITHRO,30/03/2016 10:46
150210,2J58,CLITHRO,30/03/2016 11:45
156441,2J58,CLITHRO,30/03/2016 11:45
142030,2J60,KKBY,30/03/2016 11:33
142047,2J60,KKBY,30/03/2016 11:33
150138,2J62,WIGANWL,30/03/2016 08:05
156428,2J62,WIGANWL,30/03/2016 08:05
150119,2J66,KKBY,30/03/2016 09:30
150142,2J66,KKBY,30/03/2016 09:30
142032,2J68,KKBY,30/03/2016 10:33
156421,2J68,KKBY,30/03/2016 10:33
142030,2J70,SOUTHPT,30/03/2016 08:57
142047,2J70,SOUTHPT,30/03/2016 08:57
142038,2J72,SOUTHPT,30/03/2016 11:57
150274,2J72,SOUTHPT,30/03/2016 11:57
150204,2J74,SOUTHPT,30/03/2016 09:51
156464,2J74,SOUTHPT,30/03/2016 09:51
142032,2J76,SOUTHPT,30/03/2016 07:57
156421,2J76,SOUTHPT,30/03/2016 07:57
142046,2J78,SOUTHPT,30/03/2016 10:51
142048,2J78,SOUTHPT,30/03/2016 10:51
142007,2K05,LEEDS,30/03/2016 07:52
150150,2K09,LEEDS,30/03/2016 08:52
153301,2K09,LEEDS,30/03/2016 08:52
323227,2K10,MNCRPIC,30/03/2016 10:46
323228,2K12,MNCRPIC,30/03/2016 11:46
144023,2K13,LEEDS,30/03/2016 09:52
323227,2K14,MNCRPIC,30/03/2016 07:46
323228,2K16,MNCRPIC,30/03/2016 08:47
150116,2K17,LEEDS,30/03/2016 10:52
323231,2K18,MNCRPIC,30/03/2016 09:46
323237,2K20,MNCRPIC,30/03/2016 09:04
323230,2K20,MNCRPIC,30/03/2016 11:38
155341,2K21,LEEDS,30/03/2016 11:52
323230,2K22,MNCRPIC,30/03/2016 09:38
323226,2K22,MNCRPIC,30/03/2016 12:04
323229,2K24,MNCRPIC,30/03/2016 10:04
323236,2K26,MNCRPIC,30/03/2016 08:04
323236,2K26,MNCRPIC,30/03/2016 10:38
323223,2K28,MNCRPIC,30/03/2016 08:38
323232,2K28,MNCRPIC,30/03/2016 11:04
144023,2K89,SELBY,30/03/2016 08:15
144019,2L12,WORKSOP,30/03/2016 06:30
142067,2L13,LEEDS,30/03/2016 07:29
144015,2L14,SHEFFLD,30/03/2016 08:06
144011,2L18,SHEFFLD,30/03/2016 09:06
144019,2L19,LEEDS,30/03/2016 08:33
144019,2L22,SHEFFLD,30/03/2016 10:06
144015,2L23,LEEDS,30/03/2016 09:33
144015,2L26,SHEFFLD,30/03/2016 11:06
144011,2L27,LEEDS,30/03/2016 10:33
144011,2L30,SHEFFLD,30/03/2016 12:06
144019,2L31,LEEDS,30/03/2016 11:33
150226,2M00,LEEDS,30/03/2016 07:18
158753,2M02,SELBY,30/03/2016 07:41
142087,2M04,LEEDS,30/03/2016 09:19
153332,2M04,LEEDS,30/03/2016 09:19
142087,2M04,LEEDS,30/03/2016 09:19
153332,2M04,LEEDS,30/03/2016 09:19
158758,2M06,LEEDS,30/03/2016 10:18
158795,2M08,LEEDS,30/03/2016 11:18
158849,2M10,LEEDS,30/03/2016 12:18
158757,2M36,LEEDS,30/03/2016 07:51
158756,2M38,LEEDS,30/03/2016 08:51
153378,2M40,LEEDS,30/03/2016 09:51
155343,2M40,LEEDS,30/03/2016 09:51
153378,2M40,LEEDS,30/03/2016 09:51
155343,2M40,LEEDS,30/03/2016 09:51
158757,2M42,LEEDS,30/03/2016 10:51
158756,2M44,LEEDS,30/03/2016 11:51
142088,2N00,HEXHAM,30/03/2016 06:12
142011,2N03,ORMSKRK,30/03/2016 08:07
142011,2N05,ORMSKRK,30/03/2016 09:34
142071,2N06,HEXHAM,30/03/2016 07:42
142092,2N06,HEXHAM,30/03/2016 07:42
142094,2N07,HRTLEPL,30/03/2016 07:03
142011,2N07,ORMSKRK,30/03/2016 10:41
156480,2N08,DUMFRES,30/03/2016 06:18
156475,2N09,NWCSTLE,30/03/2016 08:24
142011,2N09,ORMSKRK,30/03/2016 11:52
142094,2N10,HEXHAM,30/03/2016 08:45
142028,2N10,BLCKS,30/03/2016 11:20
156481,2N11,NUNTHRP,30/03/2016 07:18
142028,2N12,BLCKS,30/03/2016 07:19
156443,2N12,DUMFRES,30/03/2016 07:43
142012,2N12,BLCKS,30/03/2016 12:20
142090,2N13,NWCSTLE,30/03/2016 09:24
158793,2N14,SHEFFLD,30/03/2016 07:15
158848,2N14,SHEFFLD,30/03/2016 07:15
142012,2N14,BLCKS,30/03/2016 08:20
156481,2N14,HEXHAM,30/03/2016 09:43
144003,2N15,LEEDS,30/03/2016 07:48
144011,2N15,LEEDS,30/03/2016 07:48
156480,2N15,MRPTHRP,30/03/2016 09:49
142084,2N16,SHEFFLD,30/03/2016 08:15
150149,2N16,BLCKS,30/03/2016 09:20
144008,2N17,LEEDS,30/03/2016 08:48
156444,2N17,NWCSTLE,30/03/2016 10:22
142070,2N18,SHEFFLD,30/03/2016 09:15
142045,2N18,BLCKS,30/03/2016 10:20
142088,2N18,HEXHAM,30/03/2016 10:45
142026,2N19,LEEDS,30/03/2016 09:48
144009,2N19,LEEDS,30/03/2016 09:48
156481,2N19,NWCSTLE,30/03/2016 10:54
144008,2N20,SHEFFLD,30/03/2016 10:14
156475,2N20,CARLILE,30/03/2016 10:25
150103,2N21,SLFDCT,30/03/2016 07:55
156455,2N21,SLFDCT,30/03/2016 07:55
142070,2N21,LEEDS,30/03/2016 10:48
156480,2N21,NWCSTLE,30/03/2016 11:22
150134,2N22,HAZL,30/03/2016 08:36
150228,2N22,HAZL,30/03/2016 08:36
144003,2N22,SHEFFLD,30/03/2016 11:14
156481,2N22,HEXHAM,30/03/2016 11:43
142058,2N23,HAZL,30/03/2016 09:36
150117,2N23,HAZL,30/03/2016 09:36
150135,2N23,HAZL,30/03/2016 09:36
142071,2N23,MDLSBRO,30/03/2016 10:33
142093,2N23,LEEDS,30/03/2016 11:48
150201,2N24,HAZL,30/03/2016 10:36
150214,2N24,HAZL,30/03/2016 10:36
142090,2N24,CARLILE,30/03/2016 11:35
142070,2N24,SHEFFLD,30/03/2016 12:14
153328,2N24,SHEFFLD,30/03/2016 12:14
150222,2N25,HAZL,30/03/2016 11:36
150271,2N25,HAZL,30/03/2016 11:36
142094,2N27,NUNTHRP,30/03/2016 11:16
142050,2N29,NWCSTLE,30/03/2016 12:22
142015,2N31,NUNTHRP,30/03/2016 12:16
150215,2N51,SLFDCT,30/03/2016 12:04
156489,2N51,SLFDCT,30/03/2016 12:04
150205,2N55,BUXTON,30/03/2016 06:53
150276,2N55,BUXTON,30/03/2016 06:53
150215,2N57,SLFDCT,30/03/2016 09:04
156489,2N57,SLFDCT,30/03/2016 09:04
150210,2N58,SLFDCT,30/03/2016 10:04
156441,2N58,SLFDCT,30/03/2016 10:04
150205,2N59,SLFDCT,30/03/2016 11:04
150276,2N59,SLFDCT,30/03/2016 11:04
150110,2N72,LVRPLSH,30/03/2016 07:57
150118,2N91,BOLTON,30/03/2016 10:41
150118,2N93,BOLTON,30/03/2016 07:41
150220,2N93,BOLTON,30/03/2016 11:41
150220,2N97,BOLTON,30/03/2016 08:41
156429,2N99,BOLTON,30/03/2016 09:41
142078,2O57,HDRSFLD,30/03/2016 05:31
142078,2O61,HDRSFLD,30/03/2016 07:35
142078,2O62,WKFLDWG,30/03/2016 06:43
142066,2O63,HDRSFLD,30/03/2016 08:31
142078,2O65,HDRSFLD,30/03/2016 09:31
142066,2O67,HDRSFLD,30/03/2016 10:31
142078,2O68,WKFLDWG,30/03/2016 08:44
142078,2O69,HDRSFLD,30/03/2016 11:31
142066,2O70,WKFLDWG,30/03/2016 09:44
142078,2O72,WKFLDWG,30/03/2016 10:44
142066,2O74,WKFLDWG,30/03/2016 11:44
322485,2P20,LEEDS,30/03/2016 08:32
333002,2P23,BRADFS,30/03/2016 07:57
333005,2P25,BRADFS,30/03/2016 08:26
333008,2P26,LEEDS,30/03/2016 08:10
321901,2P27,BRADFS,30/03/2016 09:02
333016,2P28,LEEDS,30/03/2016 08:41
333007,2P30,LEEDS,30/03/2016 09:10
333006,2P31,BRADFS,30/03/2016 09:30
333002,2P32,LEEDS,30/03/2016 09:42
333010,2P33,BRADFS,30/03/2016 10:00
333014,2P34,LEEDS,30/03/2016 10:12
144010,2P35,SHEFFLD,30/03/2016 07:30
333015,2P35,BRADFS,30/03/2016 10:30
333005,2P36,LEEDS,30/03/2016 10:40
333004,2P37,BRADFS,30/03/2016 11:00
321901,2P38,LEEDS,30/03/2016 11:10
333008,2P39,BRADFS,30/03/2016 11:30
333001,2P40,LEEDS,30/03/2016 11:40
333016,2P41,BRADFS,30/03/2016 12:00
333011,2P42,LEEDS,30/03/2016 12:10
144004,2P59,SHEFFLD,30/03/2016 08:44
144006,2P63,SCNTHRP,30/03/2016 09:19
142095,2P65,SCNTHRP,30/03/2016 10:19
142067,2P67,SCNTHRP,30/03/2016 11:19
142022,2P69,SCNTHRP,30/03/2016 12:19
142051,2P80,SHEFFLD,30/03/2016 09:44
142096,2R03,YORK,30/03/2016 07:30
142096,2R05,YORK,30/03/2016 10:19
142096,2R06,HULL,30/03/2016 12:04
150115,2R07,WORKSOP,30/03/2016 08:13
144005,2R09,LINCLNC,30/03/2016 08:25
144010,2R11,LINCLNC,30/03/2016 09:25
144004,2R13,LINCLNC,30/03/2016 10:25
158796,2R13,YORK,30/03/2016 11:45
142051,2R15,LINCLNC,30/03/2016 11:25
144006,2R25,SHEFFLD,30/03/2016 07:24
142022,2R30,ADWICK,30/03/2016 08:33
142051,2R56,ADWICK,30/03/2016 08:15
142022,2R58,ADWICK,30/03/2016 09:15
150272,2R59,ROHL,30/03/2016 08:35
142022,2R59,DONC,30/03/2016 08:49
142095,2R61,LINCLNC,30/03/2016 07:00
144004,2R61,LINCLNC,30/03/2016 07:00
142095,2R61,LINCLNC,30/03/2016 07:00
142067,2R63,SHEFFLD,30/03/2016 09:24
150115,2R64,ADWICK,30/03/2016 10:15
142022,2R65,SHEFFLD,30/03/2016 10:24
144005,2R66,ADWICK,30/03/2016 11:15
144009,2R67,SHEFFLD,30/03/2016 11:24
144010,2R68,ADWICK,30/03/2016 12:15
142096,2R82,HULL,30/03/2016 09:02
158796,2R84,HULL,30/03/2016 10:12
158790,2R88,SELBY,30/03/2016 11:40
158790,2R89,YORK,30/03/2016 11:02
158796,2R91,YORK,30/03/2016 08:43
158859,2R91,YORK,30/03/2016 08:43
158790,2R92,BEVERLY,30/03/2016 06:36
333004,2S08,BRADFS,30/03/2016 08:11
150132,2S10,MNCRPIC,30/03/2016 07:08
333008,2S10,BRADFS,30/03/2016 08:41
142012,2S11,COLNE,30/03/2016 10:21
333016,2S12,BRADFS,30/03/2016 09:11
333010,2S13,SKPT,30/03/2016 08:00
150149,2S13,COLNE,30/03/2016 11:21
142039,2S14,MNCRPIC,30/03/2016 08:36
142056,2S14,MNCRPIC,30/03/2016 08:36
333007,2S14,BRADFS,30/03/2016 09:41
150146,2S15,SHEFFLD,30/03/2016 07:12
150149,2S15,COLNE,30/03/2016 07:20
333015,2S15,SKPT,30/03/2016 08:31
142045,2S15,COLNE,30/03/2016 12:21
150146,2S16,MNCRPIC,30/03/2016 08:49
333002,2S16,BRADFS,30/03/2016 10:11
142045,2S17,COLNE,30/03/2016 08:21
142033,2S17,NWMILSC,30/03/2016 08:24
142043,2S17,NWMILSC,30/03/2016 08:24
333004,2S17,SKPT,30/03/2016 09:00
142039,2S18,MNCRPIC,30/03/2016 09:50
142056,2S18,MNCRPIC,30/03/2016 09:50
333014,2S18,BRADFS,30/03/2016 10:41
142039,2S19,NWMILSC,30/03/2016 09:03
142056,2S19,NWMILSC,30/03/2016 09:03
142028,2S19,COLNE,30/03/2016 09:21
333008,2S19,SKPT,30/03/2016 09:30
142033,2S20,MNCRPIC,30/03/2016 10:14
333005,2S20,BRADFS,30/03/2016 11:11
150132,2S21,SHEFFLD,30/03/2016 09:14
333016,2S21,SKPT,30/03/2016 10:00
150132,2S22,MNCRPIC,30/03/2016 10:49
321901,2S22,BRADFS,30/03/2016 11:41
142039,2S23,NWMILSC,30/03/2016 10:30
142056,2S23,NWMILSC,30/03/2016 10:30
333007,2S23,SKPT,30/03/2016 10:30
142043,2S24,MNCRPIC,30/03/2016 11:14
333001,2S24,BRADFS,30/03/2016 12:11
150146,2S25,SHEFFLD,30/03/2016 10:14
333002,2S25,SKPT,30/03/2016 11:01
150146,2S26,MNCRPIC,30/03/2016 11:49
142033,2S27,NWMILSC,30/03/2016 11:30
333014,2S27,SKPT,30/03/2016 11:31
142033,2S28,MNCRPIC,30/03/2016 12:14
333005,2S29,SKPT,30/03/2016 12:00
142043,2S29,NWMILSC,30/03/2016 12:03
150132,2S33,SHEFFLD,30/03/2016 12:14
156429,2T76,BLCKPLN,30/03/2016 08:21
150118,2T78,BLCKPLN,30/03/2016 09:21
150220,2T80,BLCKPLN,30/03/2016 10:21
156429,2T82,BLCKPLN,30/03/2016 11:21
142046,2T83,SLFDCT,30/03/2016 08:16
142048,2T83,SLFDCT,30/03/2016 08:16
150118,2T84,BLCKPLN,30/03/2016 12:21
150150,2T87,YORK,30/03/2016 07:40
153301,2T87,YORK,30/03/2016 07:40
158796,2T92,LEEDS,30/03/2016 08:00
158859,2T92,LEEDS,30/03/2016 08:00
144008,2U13,HBDNBDG,30/03/2016 07:39
158842,2U13,HBDNBDG,30/03/2016 07:39
142087,2U15,MSTN,30/03/2016 07:32
153332,2U15,MSTN,30/03/2016 07:32
158758,2U17,MSTN,30/03/2016 08:32
158795,2U18,LEEDS,30/03/2016 07:23
158849,2U20,LEEDS,30/03/2016 08:26
158795,2U21,MSTN,30/03/2016 09:33
155342,2U22,LEEDS,30/03/2016 09:26
158849,2U23,MSTN,30/03/2016 10:32
155342,2U25,MSTN,30/03/2016 11:32
150226,2U26,LEEDS,30/03/2016 10:26
158753,2U28,LEEDS,30/03/2016 11:26
333016,2V11,ILKLEY,30/03/2016 08:05
333012,2V12,LEEDS,30/03/2016 07:58
333014,2V13,ILKLEY,30/03/2016 08:16
333001,2V14,LEEDS,30/03/2016 08:35
333012,2V15,ILKLEY,30/03/2016 08:38
333014,2V16,LEEDS,30/03/2016 09:02
333001,2V17,ILKLEY,30/03/2016 09:10
321901,2V18,LEEDS,30/03/2016 09:32
333014,2V19,ILKLEY,30/03/2016 09:38
333006,2V20,LEEDS,30/03/2016 10:02
321901,2V21,ILKLEY,30/03/2016 10:10
333010,2V22,LEEDS,30/03/2016 10:32
333006,2V23,ILKLEY,30/03/2016 10:38
333015,2V24,LEEDS,30/03/2016 11:02
333010,2V25,ILKLEY,30/03/2016 11:10
333004,2V26,LEEDS,30/03/2016 11:32
333015,2V27,ILKLEY,30/03/2016 11:38
333008,2V28,LEEDS,30/03/2016 12:02
333004,2V29,ILKLEY,30/03/2016 12:10
322485,2V71,ILKLEY,30/03/2016 07:56
158853,2W04,HULL,30/03/2016 06:53
158853,2W05,SCARBRO,30/03/2016 09:02
142050,2W07,NWCSTLE,30/03/2016 07:30
158855,2W07,SCARBRO,30/03/2016 10:00
158853,2W09,BRDLNGT,30/03/2016 11:41
158909,2W10,HULL,30/03/2016 07:52
158855,2W12,GLBRDYK,30/03/2016 07:39
142065,2W14,DONC,30/03/2016 07:28
158844,2W16,SHEFFLD,30/03/2016 07:41
142086,2W16,NWCSTLE,30/03/2016 09:44
142088,2W18,MDLSBRO,30/03/2016 08:32
158851,2W18,HULL,30/03/2016 09:47
156443,2W20,NWCSTLE,30/03/2016 10:44
158853,2W20,HULL,30/03/2016 10:44
142050,2W22,NUNTHRP,30/03/2016 09:16
158855,2W22,HULL,30/03/2016 11:44
142086,2W24,NWCSTLE,30/03/2016 11:44
142015,2W25,NWCSTLE,30/03/2016 10:30
156480,2W27,GTSHDMC,30/03/2016 10:31
142086,2W31,GTSHDMC,30/03/2016 11:31
150140,2W60,KKBY,30/03/2016 08:22
150140,2W60,KKBY,30/03/2016 08:22
156483,2W60,KKBY,30/03/2016 08:22
150116,2W63,SELBY,30/03/2016 06:54
142062,2W64,HDRSFLD,30/03/2016 07:51
144007,2W64,HDRSFLD,30/03/2016 07:51
142062,2W64,HDRSFLD,30/03/2016 07:51
144007,2W64,HDRSFLD,30/03/2016 07:51
142063,2W65,LEEDS,30/03/2016 08:35
150116,2W66,HDRSFLD,30/03/2016 08:50
142007,2W67,SELBY,30/03/2016 08:50
142063,2W68,HDRSFLD,30/03/2016 09:50
150150,2W69,SELBY,30/03/2016 09:54
153301,2W69,SELBY,30/03/2016 09:54
150150,2W69,SELBY,30/03/2016 09:54
153301,2W69,SELBY,30/03/2016 09:54
144023,2W71,SELBY,30/03/2016 10:54
150150,2W72,HDRSFLD,30/03/2016 11:50
153301,2W72,HDRSFLD,30/03/2016 11:50
150116,2W73,SELBY,30/03/2016 11:54
144002,2Y51,LANCSTR,30/03/2016 07:07
150273,2Y55,MORCAME,30/03/2016 10:34
142044,2Y80,SHEFFLD,30/03/2016 09:29
142044,2Y87,YORK,30/03/2016 11:06
142024,3D03,HTONTMD,30/03/2016 05:57
142086,5A06,GTSHDMC,30/03/2016 09:54
156443,5A12,GTSHDMC,30/03/2016 10:54
142086,5A14,GTSHDMC,30/03/2016 11:53
142050,5A50,DLTN,30/03/2016 05:15
156475,5A50,DLTN,30/03/2016 05:15
156475,5A52,MDLSBRO,30/03/2016 05:47
323226,5A83,CREWE,30/03/2016 08:03
323237,5A85,CREWE,30/03/2016 10:03
323232,5A87,CREWE,30/03/2016 12:03
323229,5A97,CREWE,30/03/2016 11:03
158755,5B11,BLCKNCS,30/03/2016 06:52
158906,5B11,BLCKNCS,30/03/2016 06:52
142065,5C22,DONC,30/03/2016 10:32
158843,5C24,DONC,30/03/2016 11:32
37402,5C47,BAROW,30/03/2016 11:42
KM03,5C47,BAROW,30/03/2016 11:42
156461,5C52,PRST,30/03/2016 09:32
156448,5D22,MDLSBRO,30/03/2016 10:17
142092,5D98,MDLSSDG,30/03/2016 11:06
150133,5E74,ASHONUL,30/03/2016 08:55
150223,5E76,ASHONUL,30/03/2016 09:55
150133,5E78,ASHONUL,30/03/2016 10:55
150223,5E80,ASHONUL,30/03/2016 11:55
319377,5F06,PRSTNCS,30/03/2016 08:16
142026,5F06,LEEDS,30/03/2016 08:30
142079,5F06,LEEDS,30/03/2016 08:30
144009,5F06,LEEDS,30/03/2016 08:30
150270,5F12,KNTNGLY,30/03/2016 10:03
144014,5F14,KNTNGLY,30/03/2016 10:56
142023,5F16,KNTNGLY,30/03/2016 11:57
150270,5F64,KNTNGLY,30/03/2016 08:35
144014,5F66,KNTNGLY,30/03/2016 09:38
142023,5F68,KNTNGLY,30/03/2016 10:35
150270,5F70,KNTNGLY,30/03/2016 11:35
142046,5F79,WIGANWL,30/03/2016 00:07
142048,5F79,WIGANWL,30/03/2016 00:07
142046,5F79,WIGANWL,30/03/2016 00:07
142048,5F79,WIGANWL,30/03/2016 00:07
142046,5F79,WIGANWL,30/03/2016 00:07
142048,5F79,WIGANWL,30/03/2016 00:07
156427,5F99,LVRPLSH,30/03/2016 00:45
156463,5F99,LVRPLSH,30/03/2016 00:45
150201,5H06,BLCKNCS,30/03/2016 07:30
150214,5H06,BLCKNCS,30/03/2016 07:30
150220,5H06,BLCKNCS,30/03/2016 07:30
323233,5H11,MNCRPIC,30/03/2016 09:00
323239,5H11,MNCRPIC,30/03/2016 09:00
333003,5H25,LEEDS,30/03/2016 09:33
323236,5H27,CREWE,30/03/2016 09:16
333012,5H31,LEEDS,30/03/2016 11:05
333003,5H32,NEVLTMD,30/03/2016 10:36
142033,5H33,MNCRPIC,30/03/2016 00:46
142042,5H44,CHST,30/03/2016 00:52
142014,5H48,MNCRPIC,30/03/2016 00:39
142043,5H48,MNCRPIC,30/03/2016 00:39
142041,5H67,MNCRPIC,30/03/2016 00:14
142056,5H67,MNCRPIC,30/03/2016 00:14
142041,5H81,LNGSTCS,30/03/2016 02:05
142056,5H81,LNGSTCS,30/03/2016 02:05
142041,5H81,LNGSTCS,30/03/2016 02:05
142056,5H81,LNGSTCS,30/03/2016 02:05
142041,5H81,LNGSTCS,30/03/2016 02:05
142056,5H81,LNGSTCS,30/03/2016 02:05
156483,5J04,WIGANWL,30/03/2016 08:18
142061,5J15,MNCRPIC,30/03/2016 08:33
156423,5J15,MNCRPIC,30/03/2016 08:33
142061,5J15,MNCRPIC,30/03/2016 08:33
156423,5J15,MNCRPIC,30/03/2016 08:33
142049,5J34,STKP,30/03/2016 09:07
150210,5J50,CLITHRO,30/03/2016 08:15
156441,5J50,CLITHRO,30/03/2016 08:15
150210,5J50,CLITHRO,30/03/2016 08:15
156441,5J50,CLITHRO,30/03/2016 08:15
150205,5J50,CLITHRO,30/03/2016 12:17
150276,5J50,CLITHRO,30/03/2016 12:17
150218,5J51,BOLTON,30/03/2016 07:24
142042,5J51,MNCRPIC,30/03/2016 09:53
142052,5J51,MNCRPIC,30/03/2016 09:53
142042,5J51,MNCRPIC,30/03/2016 09:53
142052,5J51,MNCRPIC,30/03/2016 09:53
150205,5J54,CLITHRO,30/03/2016 09:17
150276,5J54,CLITHRO,30/03/2016 09:17
150205,5J54,CLITHRO,30/03/2016 09:17
150276,5J54,CLITHRO,30/03/2016 09:17
150215,5J56,CLITHRO,30/03/2016 10:21
156489,5J56,CLITHRO,30/03/2016 10:21
150215,5J56,CLITHRO,30/03/2016 10:21
156489,5J56,CLITHRO,30/03/2016 10:21
142001,5J57,MNCRPIC,30/03/2016 11:02
142041,5J57,MNCRPIC,30/03/2016 11:02
156468,5J57,MNCRPIC,30/03/2016 11:02
142001,5J57,MNCRPIC,30/03/2016 11:02
142041,5J57,MNCRPIC,30/03/2016 11:02
156468,5J57,MNCRPIC,30/03/2016 11:02
150210,5J58,CLITHRO,30/03/2016 11:17
156441,5J58,CLITHRO,30/03/2016 11:17
150210,5J58,CLITHRO,30/03/2016 11:17
156441,5J58,CLITHRO,30/03/2016 11:17
142037,5J87,BOLTON,30/03/2016 10:15
142055,5J87,BOLTON,30/03/2016 10:15
142079,5K21,NEVLTMD,30/03/2016 11:30
155341,5K21,NEVLTMD,30/03/2016 11:30
150268,5L51,LEEDS,30/03/2016 08:20
158845,5L51,LEEDS,30/03/2016 10:25
142007,5L51,LEEDS,30/03/2016 11:34
142093,5L70,WKFLDWG,30/03/2016 00:21
142054,5M59,ASHONUL,30/03/2016 08:22
156451,5N04,NWCSTLE,30/03/2016 10:40
144003,5N15,SHEFFLD,30/03/2016 09:04
142084,5N16,LEEDS,30/03/2016 09:46
142026,5N19,NEVLTMD,30/03/2016 09:21
144009,5N19,NEVLTMD,30/03/2016 09:21
150103,5N21,PRST,30/03/2016 08:51
156455,5N21,PRST,30/03/2016 08:51
150134,5N22,STKP,30/03/2016 08:00
150228,5N22,STKP,30/03/2016 08:00
150134,5N22,STKP,30/03/2016 08:00
150228,5N22,STKP,30/03/2016 08:00
144003,5N22,SHEFSDG,30/03/2016 11:13
142071,5N23,MDLSBRO,30/03/2016 09:53
142092,5N23,MDLSBRO,30/03/2016 09:53
142071,5N23,MDLSBRO,30/03/2016 09:53
142092,5N23,MDLSBRO,30/03/2016 09:53
142071,5N23,MDLSBRO,30/03/2016 09:53
142092,5N23,MDLSBRO,30/03/2016 09:53
142071,5N23,MDLSBRO,30/03/2016 09:53
153328,5N24,SHEFSDG,30/03/2016 12:00
142045,5N40,PRST,30/03/2016 00:11
142062,5N46,LEEDS,30/03/2016 00:37
153378,5N46,LEEDS,30/03/2016 00:37
150210,5N93,BLCKPLN,30/03/2016 00:55
156441,5N93,BLCKPLN,30/03/2016 00:55
142078,5O57,WKFLDWG,30/03/2016 06:03
142078,5O61,WKFLDWG,30/03/2016 08:10
142078,5O62,WRNTHPS,30/03/2016 06:39
142066,5O63,WKFLDWG,30/03/2016 09:15
142078,5O65,WKFLDWG,30/03/2016 10:13
142066,5O67,WKFLDWG,30/03/2016 11:13
142078,5O68,WRNTHPS,30/03/2016 08:36
142078,5O69,WKFLDWG,30/03/2016 12:13
142066,5O70,WRNTHPS,30/03/2016 09:40
142078,5O72,WRNTHPS,30/03/2016 10:40
142066,5O74,WRNTHPS,30/03/2016 11:40
153328,5P61,SHEFFLD,30/03/2016 09:45
142022,5R30,ADWICK,30/03/2016 08:13
142022,5R58,ADWICK,30/03/2016 08:59
150115,5R64,ADWICK,30/03/2016 09:43
142026,5R64,SHEFFLD,30/03/2016 11:10
150115,5R64,SHEFFLD,30/03/2016 11:10
144005,5R66,ADWICK,30/03/2016 10:43
144010,5R68,ADWICK,30/03/2016 11:43
142058,5T04,HAZL,30/03/2016 08:50
150117,5T04,HAZL,30/03/2016 08:50
150135,5T04,HAZL,30/03/2016 08:50
142058,5T04,HAZL,30/03/2016 08:50
150117,5T04,HAZL,30/03/2016 08:50
150135,5T04,HAZL,30/03/2016 08:50
150201,5T06,HAZL,30/03/2016 09:50
150214,5T06,HAZL,30/03/2016 09:50
150201,5T06,HAZL,30/03/2016 09:50
150214,5T06,HAZL,30/03/2016 09:50
142034,5T12,NWTNHDD,30/03/2016 11:00
142049,5T12,NWTNHDD,30/03/2016 11:00
319362,5T61,NWTNLW,30/03/2016 08:57
319363,5T62,NWTNLW,30/03/2016 09:58
319362,5T63,NWTNLW,30/03/2016 10:58
319361,5T64,NWTNLW,30/03/2016 11:58
158758,5U17,MSTN,30/03/2016 08:00
158795,5U21,MSTN,30/03/2016 09:00
158849,5U23,MSTN,30/03/2016 10:00
155342,5U25,MSTN,30/03/2016 11:00
150226,5U27,MSTN,30/03/2016 12:00
156480,5W27,GTSHDMC,30/03/2016 10:23
142086,5W31,GTSHDMC,30/03/2016 11:23
156443,5W35,GTSHDMC,30/03/2016 12:23
144007,5W64,LEEDS,30/03/2016 09:04
142062,5Y51,LEEDS,30/03/2016 09:16
144002,5Y51,LEEDS,30/03/2016 09:16
142062,5Y51,LEEDS,30/03/2016 09:16
144002,5Y51,LEEDS,30/03/2016 09:16